{"class_name": "Sequential", "config": [{"class_name": "Dense", "config": {"W_constraint": null, "b_constraint": null, "name": "dense_1", "output_dim": 512, "activity_regularizer": null, "trainable": true, "init": "glorot_uniform", "bias": true, "input_dtype": "float32", "input_dim": 1000, "b_regularizer": null, "W_regularizer": null, "activation": "relu", "batch_input_shape": [null, 1000]}}, {"class_name": "Dense", "config": {"W_constraint": null, "b_constraint": null, "name": "dense_2", "activity_regularizer": null, "trainable": true, "init": "glorot_uniform", "bias": true, "input_dim": null, "b_regularizer": null, "W_regularizer": null, "activation": "relu", "output_dim": 256}}, {"class_name": "Dense", "config": {"W_constraint": null, "b_constraint": null, "name": "dense_3", "activity_regularizer": null, "trainable": true, "init": "glorot_uniform", "bias": true, "input_dim": null, "b_regularizer": null, "W_regularizer": null, "activation": "relu", "output_dim": 32}}, {"class_name": "Dense", "config": {"W_constraint": null, "b_constraint": null, "name": "dense_4", "activity_regularizer": null, "trainable": true, "init": "glorot_uniform", "bias": true, "input_dim": null, "b_regularizer": null, "W_regularizer": null, "activation": "sigmoid", "output_dim": 1}}]}